"","DH_Ogc","DH_DG.1","DH_DG.2","DH_CA1","DH_DG.3","DH_InN","DH_Sub_Ent","DH_Asc","DH_CA2.3","DH_Mgc","DH_Opc","DH_Endo","DH_Peri","DH_SMC","FC_L2.3","FC_Ogc","FC_L4","FC_InN.Vip.Npy","FC_Asc","FC_L5.Deptor","FC_InN.Meis2","FC_L6","FC_Mgc","FC_InN.Six3","FC_InN.Sst.Pvalb","FC_Claustrum","FC_Opc","FC_L5.Parm1","FC_Endo","FC_Peri","FC_L5.Fezf2","FC_InN.Lrrc38.Plcxd3","LM_Skm.Myh4.1","LM_Skm.Myh1","LM_Skm.Myh4.2","LM_FB","LM_Endo","LM_MTJ","LM_Macg","LM_SMC","LM_Fat","LM_B_cell","LM_Kerat","LM_MuSC","LM_NMJ","LM_Skm.Gm5141","LM_Neutrophil","LM_Eryth","HT_CM","HT_FB","HT_Endo","HT_Macg","HT_SMC","HT_Endocardial","HT_B_cell","HT_Fat","HT_T_cell","BM_Neutrophil.Il1b","BM_Eryth","BM_Naive_B_cell","BM_Neutrophil.Ms4a3","BM_Neutrophil.Gpr27","BM_Monocyte","BM_Pre_B_cell","BM_Pro_Eryth","BM_T_cell","BM_Macg","BM_MeSC","BM_Basophil","BM_Dendritic","BM_Late_Pro_B","BM_Endo","BM_HSC","BM_Plasma"
"DH_Ogc",1,0.00652072659524919,0.00748663101604278,0.00841584158415842,0.0111513799832729,0.00809212573918456,0.00621789672884563,0.00636363636363636,0.00691180536356096,0.00383509108341323,0.00778210116731518,0.00116822429906542,0.0021978021978022,0.000596302921884317,0.00623521823263814,0.0366574694521088,0.00592592592592593,0.00510928186204939,0.00242130750605327,0.00560169982615414,0.00215401184706516,0.00836920133907221,0.00318181818181818,0.0053226879574185,0.00451399337947638,0.00432315590380978,0.00597976080956762,0.0062296858071506,0,0.00113314447592068,0.00241429261226461,0.00165562913907285,0.00632083696599826,0.00655021834061135,0.00586653629919335,0.00352941176470588,0.00111172873818788,0.00303424360641526,0.00227272727272727,0.00172612197928654,0.00810372771474878,0,0.000578034682080925,0.00117716303708064,0.00373831775700935,0,0,0,0.00635016631387965,0.00560224089635854,0.0043424317617866,0.0015625,0.00649049605934168,0.000527704485488127,0,0,0,0.00366568914956012,0.00522648083623693,0.00450225112556278,0.00408639813193228,0.00456989247311828,0.00373227170938044,0.00623475196530225,0.00414293112377007,0.00594273365748244,0.00437541019470575,0.00737327188940092,0.00441083805923125,0.00468227424749164,0.00449050086355786,0.00346820809248555,0.00761421319796954,0.00553745928338762
"DH_DG.1",0.00652072659524919,1,0.0155855096882898,0.00825796303578451,0.0147409494905701,0.00585754451733833,0.0112216811348719,0.00368550368550369,0.00924134966688158,0.00318674314850223,0.0044987146529563,0.000361402240693892,0.00104347826086957,0,0.00791000175777817,0.00600764609503004,0.0104402296850531,0.00657174151150055,0.00483091787439614,0.0077269800386349,0.00103021978021978,0.00783938814531549,0.00400246305418719,0.00443568260226713,0.00618556701030928,0.00717753852649356,0.0015451174289246,0.00590592701961611,0.000357142857142857,0.00141995030173944,0.00288369112463954,0.00174581005586592,0.00425004427129449,0.00521638330757342,0.00466472303206997,0.00305385896724042,0.00105189340813464,0.00208271347813151,0.000710227272727273,0.000357909806728704,0.00311526479750779,0,0.000359195402298851,0,0.00187734668335419,0.000362976406533575,0,0,0.00182898948331047,0.0030933633295838,0.00468164794007491,0.00134544231416078,0.00248678893378924,0.000339097999321804,0,0,0,0.00486760124610592,0.00444839857651246,0.0041592394533571,0.00245371403078296,0.00440251572327044,0.004739336492891,0.00506115563053564,0.00284668564457096,0.00335993280134397,0.00462715785726998,0.00510322430990489,0.0035486160397445,0.00148075024679171,0.00227675183405009,0.00384193194291987,0.00392875851231011,0.00314922480620155
"DH_DG.2",0.00748663101604278,0.0155855096882898,1,0.0119469026548673,0.0107763899093804,0.00510752688172043,0.00763723150357995,0.00258588843738456,0.0109836465706615,0.00154440154440154,0.0031201248049922,0.00135685210312076,0,0,0.00974658869395711,0.00481540930979133,0.00941583397386626,0.00447427293064877,0.00562296537437112,0.00723742277140335,0.00169707254985151,0.00876817792985458,0.00185048112509252,0.00456360524814604,0.00523834468308015,0.00812813770021516,0.00186428038777032,0.00333253987145918,0.000445235975066785,0.000441306266548985,0.00272479564032698,0.000864677907479464,0.00530451866404715,0.00518918918918919,0.00478989767036795,0.00262209111766634,0.00130548302872063,0.00392436674991081,0,0,0.00268456375838926,0,0,0,0.00227100681302044,0.000454338936846888,0,0,0.00340760157273919,0.00333000333000333,0.00295143547088811,0.00206782464846981,0.00300413067968457,0.000417536534446764,0,0,0,0.00392242318587928,0.00329197265130413,0.00377861747054901,0.00612870275791624,0.00284023668639053,0.00354138999557326,0.00309597523219814,0.00412844036697248,0.00404088424055146,0.00473653049141504,0.00345193839617631,0.00326441784548422,0.00401146131805158,0.00235294117647059,0.00355641771742645,0.00183318056828598,0.00307606263982103
"DH_CA1",0.00841584158415842,0.00825796303578451,0.0119469026548673,1,0.00956501935777727,0.0064692709629261,0.0086879037647583,0.00398936170212766,0.0111388952034553,0.00172711571675302,0.00313698152666434,0.000396982929734021,0.00114198705748002,0.000402738622633911,0.00864129435558007,0.00350467289719626,0.0118310884601383,0.00625,0.00352208073692766,0.00991096925919704,0.00150206533984228,0.00985122637716124,0.00232867598137059,0.00630914826498423,0.00484966052376334,0.00734966592427617,0.00436241610738255,0.00668002672010688,0.000391849529780564,0.00116731517509728,0.00243478260869565,0.000381679389312977,0.00463134494257132,0.0054788961038961,0.00469579420171499,0.0029806259314456,0.00153668843641952,0.00224863475746868,0.00155884645362432,0.000392772977219167,0.00335059396893086,0,0.00157915515199368,0.000399042298483639,0.00169548999660902,0.000398883127243718,0,0,0.00266796022313849,0.00362866646507409,0.00372300819061802,0.00110051357300073,0.00337040781934614,0.00111152278621712,0,0,0,0.00388230486309767,0.00352692217258406,0.00374687760199833,0.00283419933868682,0.00331345261762757,0.00540091400083091,0.004,0.00128259940145361,0.00376689563483271,0.00427986602158541,0.00516732283464567,0.00251067034898318,0.00289549881547776,0.00188831939573779,0.00264628050573361,0.00335852225020991,0.00335051546391753
"DH_DG.3",0.0111513799832729,0.0147409494905701,0.0107763899093804,0.00956501935777727,1,0.00643356643356643,0.0106488360574542,0.00390167772142021,0.00882501260716087,0.00122448979591837,0.0037159372419488,0.000482625482625483,0.0018357044515833,0.000491159135559921,0.00961731116008816,0.00538176925664312,0.0062992125984252,0.00619195046439629,0.0036979969183359,0.00870038064165307,0.000450653447498873,0.00859598853868195,0.00234375,0.00535236396074933,0.004346644933442,0.00493096646942801,0.00354749704375246,0.003942828979793,0,0.000470588235294118,0.00205761316872428,0.00230520977408944,0.00525252525252525,0.00490414623272403,0.0042648709315376,0.00343878954607978,0.000463177396943029,0.0014986886474335,0.000471253534401508,0.000953288846520496,0.00246478873239437,0,0.000957854406130268,0,0.000798403193612774,0,0,0,0.00381159814865233,0.00314355571079287,0.00502933780385583,0.00175592625109745,0.00237717908082409,0.000887705281846427,0,0,0,0.00630914826498423,0.00315043318456288,0.00252062328139322,0.0029039070749736,0.00392156862745098,0.00526315789473684,0.00394574599260173,0.00402843601895735,0.00393410376198672,0.0050761421319797,0.00414021529119514,0.00311085972850679,0.00268336314847943,0.00307031010132023,0.00338638672536404,0.00738362760834671,0.0034944670937682
"DH_InN",0.00809212573918456,0.00585754451733833,0.00510752688172043,0.0064692709629261,0.00643356643356643,1,0.00681570338058888,0.0032139577594123,0.0055663790704147,0.00437743190661479,0.00294550810014728,0,0.000557413600891862,0.000606796116504854,0.00431872165838912,0.00735863671572424,0.00510746967439881,0.00745840504876649,0.00560813179109709,0.00680669000388954,0.00109289617486339,0.00431654676258993,0.00183992640294388,0.00605042016806723,0.00455373406193078,0.00381056069678824,0.00278810408921933,0.00572987721691678,0,0,0.00195790504160548,0,0.00306077831219939,0.00316532748965181,0.00541338582677165,0.00158353127474268,0.00169587337478802,0.00175361683472161,0,0.000584453535943892,0.00326397388820889,0,0,0.000598444045481747,0.00331439393939394,0,0,0,0.00304043782304652,0.00242130750605327,0.0028125,0.000528262017960909,0.00140252454417952,0.00214707461084273,0,0,0,0.00270469633636587,0.00585994726047466,0.00352378555247923,0.00205640423031727,0.00433369447453954,0.00552347476776299,0.00272257010618023,0.00104031209362809,0.00462207721587819,0.00351957765068192,0.00308641975308642,0.00285714285714286,0.00472813238770686,0.00104311543810848,0.00233553912028026,0.00364963503649635,0.00328083989501312
"DH_Sub_Ent",0.00621789672884563,0.0112216811348719,0.00763723150357995,0.0086879037647583,0.0106488360574542,0.00681570338058888,1,0.00338473110191801,0.00837026095519449,0.00354470263883419,0.00517309988062077,0.00138568129330254,0.00264084507042254,0,0.00666666666666667,0.00850228907782865,0.00891300135632629,0.00680443548387097,0.00630441308916241,0.00873284619497416,0.00346770697876029,0.00689803837033843,0.00377216144851,0.00753623188405797,0.00610241443353675,0.00773133607151486,0.00494672754946728,0.00749335267101765,0,0,0.00317208564631245,0.00220848056537102,0.00475530017832376,0.0054608999563128,0.00417582417582418,0.00433333333333333,0.000887705281846427,0.00398984403336961,0.0004510599909788,0,0.00478142076502732,0,0.000457875457875458,0.000464252553389044,0.00347088314693405,0,0,0,0.00371549893842887,0.00304259634888438,0.00489929232444202,0.0012636899747262,0.00382409177820268,0.000851788756388416,0,0,0,0.00219731927049,0.00461775269368907,0.00291676015256899,0.0062015503875969,0.00431344356578001,0.00537634408602151,0.00458162527128044,0.00300995600833526,0.00312124849939976,0.00558102451664341,0.00349462365591398,0.00413564929693962,0.00552486187845304,0.0041816009557945,0.0036101083032491,0.00248062015503876,0.00596590909090909
"DH_Asc",0.00636363636363636,0.00368550368550369,0.00258588843738456,0.00398936170212766,0.00390167772142021,0.0032139577594123,0.00338473110191801,1,0.00232378001549187,0.00386100386100386,0.00592885375494071,0.00151745068285281,0.00130039011703511,0,0.00193423597678917,0.00446144040790312,0.00298264642082429,0.000804828973843058,0.00820120284308365,0.00338327694538424,0.00124069478908189,0.00380831482069184,0.000868055555555556,0.00305810397553517,0.00483941926968764,0.00225818592397441,0.00354295837023915,0.00225988700564972,0,0.00281293952180028,0.000979431929480901,0,0.00366197183098592,0.00454397922752353,0.00360655737704918,0.00400266844563042,0,0.00398406374501992,0,0,0.00209643605870021,0,0.0014792899408284,0.00154798761609907,0.00183150183150183,0,0,0,0.00176211453744493,0.00137268359643102,0.00229463056447912,0.00115207373271889,0.00269299820466786,0,0,0,0,0.00295663600525624,0.00166389351081531,0.002708192281652,0.00209995800083998,0.00299065420560748,0.00168067226890756,0.00453514739229025,0.0021291696238467,0.002628614344724,0.00368898978433598,0.0036084799278304,0.00329102021626704,0.000513083632632119,0.00433369447453954,0.00323624595469256,0.00349040139616056,0.00395061728395062
"DH_CA2.3",0.00691180536356096,0.00924134966688158,0.0109836465706615,0.0111388952034553,0.00882501260716087,0.0055663790704147,0.00837026095519449,0.00232378001549187,1,0.00203004466098254,0.00245901639344262,0.000958772770853308,0,0,0.00777666999002991,0.00468227424749164,0.0114420990333399,0.00590955806783145,0.00368098159509202,0.0072202166064982,0.00134408602150538,0.00701908313226585,0.00194099378881988,0.00443655723158829,0.00568951503657545,0.00713934022648941,0.00352664576802508,0.00540939267273174,0,0.000467289719626168,0.00163532297628782,0.00228937728937729,0.00483189047714918,0.00288248337028825,0.00312849162011173,0.00204988042364195,0.00092038656235619,0.00410907732536421,0.000467945718296678,0.000473036896877956,0.00139958012596221,0,0.000951022349025202,0,0.00119094878920206,0,0,0,0.00352399024125779,0.00104022191400832,0.00417014178482068,0.00174443959877889,0.00196850393700787,0.000440722785368004,0,0,0,0.00201252236135957,0.00366300366300366,0.00342857142857143,0.00315623356128353,0.00390720390720391,0.00250170570843757,0.00269938650306748,0.00259372789436454,0.00391964723174914,0.00323297635886038,0.00302031850631521,0.00394588500563698,0.00207653515277366,0.00305623471882641,0.00336927223719677,0.00478011472275335,0.00289771080846132
"DH_Mgc",0.00383509108341323,0.00318674314850223,0.00154440154440154,0.00172711571675302,0.00122448979591837,0.00437743190661479,0.00354470263883419,0.00386100386100386,0.00203004466098254,1,0.00335195530726257,0,0.00154083204930663,0.00198807157057654,0.00257363454389477,0.00761245674740484,0.00167926112510495,0.00169276343630978,0.0029086678301338,0.00198807157057654,0.0043859649122807,0.000986842105263158,0.00977517106549365,0.00325732899022801,0.001388246182323,0.00315581854043392,0.00595829195630586,0.00276243093922652,0.00174825174825175,0.00168918918918919,0.00557413600891862,0.00312989045383412,0.0014543339150669,0.00371120107962213,0.00443989071038251,0.00217076700434153,0.00159744408945687,0.00263852242744063,0,0,0.00612557427258806,0,0.00179856115107914,0.00380952380952381,0.00515995872033024,0.00380228136882129,0,0,0.00186046511627907,0.00374812593703148,0.00584795321637427,0.00672043010752688,0.00201005025125628,0.0013869625520111,0.00216450216450216,0,0,0.00239234449760766,0.00394910048266784,0.00211565585331453,0.0017683465959328,0.00549234994115339,0.00175131348511384,0.00316205533596838,0.00148148148148148,0.00235849056603774,0.00234672924611323,0.00621414913957935,0.00348779272546089,0.00383982446516731,0.00463499420625724,0.00421348314606742,0.00626959247648903,0.00737230121116377
"DH_Opc",0.00778210116731518,0.0044987146529563,0.0031201248049922,0.00313698152666434,0.0037159372419488,0.00294550810014728,0.00517309988062077,0.00592885375494071,0.00245901639344262,0.00335195530726257,1,0,0.00159489633173844,0.00207900207900208,0.00143719459614832,0.00773014757554462,0.00168966488313151,0.0038527397260274,0.00176574455562095,0.000748689792862491,0,0.00398803589232303,0.00898203592814371,0.00164563905650027,0.00140252454417952,0.00278440731901352,0.00711382113821138,0.00159045725646123,0.00547445255474453,0.00175438596491228,0.00113765642775882,0.00487012987012987,0.000877706260971328,0.00203596878181201,0.00137221269296741,0.0014695077149155,0.00165562913907285,0.00269058295964126,0.00353356890459364,0.00368324125230203,0.00544747081712062,0,0.00187265917602996,0.00198412698412698,0.0010515247108307,0,0,0,0.0018796992481203,0.00228310502283105,0.00393313667649951,0.00275862068965517,0.00308641975308642,0.00143061516452074,0,0.00227790432801822,0,0.000687521485046408,0.000441501103752759,0.00177619893428064,0.0035778175313059,0.00236686390532544,0.00105820105820106,0.00119379228014326,0.000746268656716418,0.00237906423473434,0.0023619722468261,0.00240615976900866,0.00201207243460765,0.00221729490022173,0.00292911540714704,0.00427960057061341,0.00253324889170361,0.000529100529100529
"DH_Endo",0.00116822429906542,0.000361402240693892,0.00135685210312076,0.000396982929734021,0.000482625482625483,0,0.00138568129330254,0.00151745068285281,0.000958772770853308,0,0,1,0.00371747211895911,0.00813008130081301,0.00032,0,0.000312695434646654,0.000503524672708963,0,0,0,0,0,0.000681663258350375,0,0.000462534690101758,0.00316957210776545,0.000462962962962963,0.0104712041884817,0,0,0,0.000980392156862745,0.000771307365985345,0.000390625,0,0,0,0,0.00537634408602151,0.00322234156820623,0,0,0,0.00168634064080944,0,0,0,0,0,0.00118906064209275,0.00271739130434783,0.0032520325203252,0.00293255131964809,0,0,0,0.000391849529780564,0.000524383848977452,0,0,0,0.00161550888529887,0.00139211136890951,0.000430477830391735,0.000922509225092251,0,0,0,0.00207325501036628,0,0,0.00245499181669394,0.0026160889470242
"DH_Peri",0.0021978021978022,0.00104347826086957,0,0.00114198705748002,0.0018357044515833,0.000557413600891862,0.00264084507042254,0.00130039011703511,0,0.00154083204930663,0.00159489633173844,0.00371747211895911,1,0.00429184549356223,0.00123762376237624,0.00593723494486853,0.00121028744326778,0.00191113234591495,0.00137741046831956,0.000531914893617021,0,0.000721761097076868,0.00131233595800525,0.000634115409004439,0,0.0013215859030837,0.00134770889487871,0.00176444640494045,0.0033112582781457,0.009375,0.00158478605388273,0.00815217391304348,0.00157828282828283,0.00222304557243423,0.00112443778110945,0.000897666068222621,0,0.00230414746543779,0,0.00337837837837838,0.00869565217391304,0,0,0.00784313725490196,0.00427960057061341,0,0,0,0.00159489633173844,0.000936329588014981,0.0016750418760469,0.00209205020920502,0.00414364640883978,0,0,0,0,0.00150432493418578,0.00198609731876862,0.00116776956014013,0.00150526843953838,0.0017474879860201,0,0.00132450331125828,0.00164609053497942,0.00175746924428822,0.000954198473282443,0.00273224043715847,0.00172314761631246,0.0025706940874036,0.00342700479780672,0.00346020761245675,0.0037593984962406,0.00182926829268293
"DH_SMC",0.000596302921884317,0,0,0.000402738622633911,0.000491159135559921,0.000606796116504854,0,0,0,0.00198807157057654,0.00207900207900208,0.00813008130081301,0.00429184549356223,1,0.000647668393782383,0.000962463907603465,0.000316255534471853,0,0,0,0,0,0,0,0,0,0.00167785234899329,0,0,0,0,0.00896860986547085,0.000992063492063492,0.000782166601486116,0.000792707094728498,0.00103305785123967,0,0,0,0,0.00335195530726257,0,0,0,0.00179533213644524,0,0,0,0.000575705238917674,0,0.000607164541590771,0,0.00172413793103448,0,0,0,0,0,0,0,0.000540832882639265,0,0.000409332787556283,0,0,0.00046882325363338,0,0.000592417061611374,0,0,0,0,0,0
"FC_L2.3",0.00623521823263814,0.00791000175777817,0.00974658869395711,0.00864129435558007,0.00961731116008816,0.00431872165838912,0.00666666666666667,0.00193423597678917,0.00777666999002991,0.00257363454389477,0.00143719459614832,0.00032,0.00123762376237624,0.000647668393782383,1,0.00297766749379653,0.0311088810837933,0.00650274334484861,0.00724468333722832,0.0161216029479503,0.00152998776009792,0.0171666064329599,0.00221545278316256,0.00612661674608577,0.00827849713436638,0.0134360798261213,0.00334541399498188,0.00885478158205431,0.000316656111462951,0.000314663310258024,0.00345224395857307,0.00124107973937325,0.00516925129231282,0.00487893024936755,0.00509183487906892,0.00201867272268483,0.000622858922454064,0.00215169445938677,0.00031496062992126,0.000317258883248731,0.00541376643464811,0,0,0,0.00225225225225225,0,0,0,0.00169061707523246,0.00127551020408163,0.00258788009488894,0.0015015015015015,0.00251818690542809,0.000302388872089507,0.000328083989501312,0,0,0.00236106066109699,0.00267434684221354,0.00406955234924158,0.00268650547633809,0.00253115264797508,0.00387096774193548,0.00372184133202742,0.0032239711739048,0.00292911540714704,0.00451807228915663,0.00277896536981616,0.00283409635927622,0.00272479564032698,0.00418410041841004,0.000997008973080758,0.00239177230327673,0.0028979045920642
"FC_Ogc",0.0366574694521088,0.00600764609503004,0.00481540930979133,0.00350467289719626,0.00538176925664312,0.00735863671572424,0.00850228907782865,0.00446144040790312,0.00468227424749164,0.00761245674740484,0.00773014757554462,0,0.00593723494486853,0.000962463907603465,0.00297766749379653,1,0.00586653629919335,0.00519390581717452,0.008028545941124,0.00285400658616904,0,0.00477259966311061,0.00383877159309021,0.00590717299578059,0.00671140939597315,0.00358539765319426,0.00388852883992223,0.00293350717079531,0,0,0.00629811056682995,0.00255536626916525,0.00251952632905014,0.00429061784897025,0.00462294134643167,0.0047071129707113,0.000860585197934596,0.00239234449760766,0.00177935943060498,0.000907441016333938,0.00762527233115468,0,0.000915750915750916,0,0.00465735196274118,0.000940733772342427,0,0,0.00373134328358209,0.00374732334047109,0.00347356233114628,0.00312256049960968,0.00130633572828217,0.00239043824701195,0.00100200400801603,0,0,0.00231147067321583,0.00391041592605759,0.00207653515277366,0.00107181136120043,0.00453808752025932,0.00503107428233205,0.00130293159609121,0.00309597523219814,0.00718015665796345,0.00406400812801626,0.00571210967250571,0.0027526543452615,0.00424448217317487,0.00265017667844523,0.00820512820512821,0.00281030444964871,0.00781893004115226
"FC_L4",0.00592592592592593,0.0104402296850531,0.00941583397386626,0.0118310884601383,0.0062992125984252,0.00510746967439881,0.00891300135632629,0.00298264642082429,0.0114420990333399,0.00167926112510495,0.00168966488313151,0.000312695434646654,0.00121028744326778,0.000316255534471853,0.0311088810837933,0.00586653629919335,1,0.00681089743589744,0.00412371134020619,0.0147103427358204,0.00119688809096349,0.0147713116212849,0.00244366005973391,0.00557786702365016,0.00542005420054201,0.0134424313267095,0.00300464354001639,0.00833818111305022,0,0.000307597662257767,0.00394699746264449,0.000909918107370337,0.00378351702582662,0.00571224562656194,0.00412408104715797,0.00049480455220188,0.00182926829268293,0.00211026114481667,0.000615953187557746,0,0.00607748797163839,0.000320615581917281,0.00031104199066874,0.000313971742543171,0.00137816979051819,0.000627943485086342,0,0,0.00270833333333333,0.00250752256770311,0.00339919269173571,0.00117508813160987,0.00191833379007947,0.00029585798816568,0,0,0,0.0021505376344086,0.00161976108523993,0.00438196092751506,0.00203458799593082,0.00307337687283903,0.00381957075300109,0.00250771604938272,0.00355538922155689,0.00366088631984586,0.00363396101750909,0.00400421496311907,0.00214454214025306,0.00290437890974084,0.00136767722817415,0.00220588235294118,0.00258640959322831,0.00263157894736842
"FC_InN.Vip.Npy",0.00510928186204939,0.00657174151150055,0.00447427293064877,0.00625,0.00619195046439629,0.00745840504876649,0.00680443548387097,0.000804828973843058,0.00590955806783145,0.00169276343630978,0.0038527397260274,0.000503524672708963,0.00191113234591495,0,0.00650274334484861,0.00519390581717452,0.00681089743589744,1,0.00475285171102662,0.00939572586588062,0.00329102021626704,0.00785634118967452,0.00121114251110214,0.00549282880683552,0.00697155605131065,0.00732138348901792,0.00162866449511401,0.00681646048977531,0,0.000490436488474743,0.00298889837745517,0.000479156684235745,0.00390063641962636,0.00385925085130533,0.00274223034734918,0.00425531914893617,0.000965250965250965,0.00232468035645099,0,0.000496770988574267,0.004,0,0,0.000506842372022301,0.00289975144987573,0.000506585612968592,0,0,0.00278473962684489,0.00143781452192667,0.00429061784897025,0.00136798905608755,0.000819000819000819,0.000922934933087217,0,0,0,0.0022883295194508,0.00403225806451613,0.00233699462491236,0.00324236692785734,0.00400600901352028,0.00372873456070846,0.00251572327044025,0.00435518993467215,0.00301129234629862,0.00267985982271697,0.00197461212976023,0.00347926935343578,0.0015281173594132,0.00125904941768964,0.00139227288548556,0.00295760762405521,0.00208768267223382
"FC_Asc",0.00242130750605327,0.00483091787439614,0.00562296537437112,0.00352208073692766,0.0036979969183359,0.00560813179109709,0.00630441308916241,0.00820120284308365,0.00368098159509202,0.0029086678301338,0.00176574455562095,0,0.00137741046831956,0,0.00724468333722832,0.008028545941124,0.00412371134020619,0.00475285171102662,1,0.00687070580886946,0,0.00496342737722048,0.00327689787001638,0.00454545454545455,0.00746775288526816,0.0042004200420042,0.00442233278054174,0.00510817307692308,0.000726744186046512,0,0.000586510263929619,0.000692520775623269,0.00425632537242847,0.00318555880010619,0.00456008583690987,0.00320806599450046,0.00210084033613445,0.00413223140495868,0.000717875089734386,0.00072992700729927,0.0042674253200569,0,0,0.00150489089541008,0.00508762012436405,0,0,0,0.0023720772619451,0.00327715355805243,0.00420168067226891,0.000644329896907216,0.00502232142857143,0.0026281208935611,0,0,0,0.00268312315535283,0.0035702693930542,0.00551571980143409,0.0039241334205363,0.00357675111773472,0.00301122365179305,0.00571772494733674,0.0028587764436821,0.00299043062200957,0.00523934270064301,0.00310344827586207,0.00320398718405126,0.0038109756097561,0.0019739439399921,0.00314324202963628,0.00458715596330275,0.0044362292051756
"FC_L5.Deptor",0.00560169982615414,0.0077269800386349,0.00723742277140335,0.00991096925919704,0.00870038064165307,0.00680669000388954,0.00873284619497416,0.00338327694538424,0.0072202166064982,0.00198807157057654,0.000748689792862491,0,0.000531914893617021,0,0.0161216029479503,0.00285400658616904,0.0147103427358204,0.00939572586588062,0.00687070580886946,1,0.00211026114481667,0.010009845749918,0.0029034599564481,0.00588116000811195,0.00918133129303749,0.00946090681899322,0.00291757840991977,0.00802425106990014,0,0.000810372771474878,0.0024975024975025,0.000266524520255864,0.00521392424474774,0.00263591433278418,0.0048140770252324,0.00155902004454343,0.000802997858672377,0.00117730162467624,0.000540540540540541,0.00054392167527876,0.00203758206927779,0,0.00109140518417462,0.000825082508250825,0.000489715964740451,0,0,0,0.00190258751902588,0.00247747747747748,0.00329521225043613,0.00129668049792531,0.00170648464163823,0.0010443864229765,0.000279798545047566,0,0,0.0021551724137931,0.0022271714922049,0.00337040781934614,0.00317105017720575,0.00371418464803679,0.00403496973772697,0.00266193433895297,0.00293153992067598,0.00336700336700337,0.00430702968774035,0.00269075533346146,0.00293484640970456,0.00243407707910751,0.00186065743229274,0.00154355016538037,0.00169887449564663,0.00259377494014366
"FC_InN.Meis2",0.00215401184706516,0.00103021978021978,0.00169707254985151,0.00150206533984228,0.000450653447498873,0.00109289617486339,0.00346770697876029,0.00124069478908189,0.00134408602150538,0.0043859649122807,0,0,0,0,0.00152998776009792,0,0.00119688809096349,0.00329102021626704,0,0.00211026114481667,1,0.000712250712250712,0.00376411543287327,0.000619578686493185,0.00363825363825364,0.00216919739696312,0.0025706940874036,0.00173611111111111,0,0,0.00299850074962519,0,0.0015600624024961,0.00109529025191676,0.0014792899408284,0,0,0.00220994475138122,0,0.003003003003003,0.00185356811862836,0,0.00309597523219814,0,0.00135135135135135,0,0,0,0.000520833333333333,0.000904977375565611,0.00218938149972633,0,0,0.00204918032786885,0,0,0,0.000741289844329133,0.000974184120798831,0.00115118956254797,0.0019714144898965,0.00128921357971637,0.00114329268292683,0.000434027777777778,0.000404858299595142,0.00129645635263613,0.00125786163522013,0.00160513643659711,0.00168728908886389,0,0.00267201068804275,0.000836120401337793,0.00145985401459854,0.00119189511323004
"FC_L6",0.00836920133907221,0.00783938814531549,0.00876817792985458,0.00985122637716124,0.00859598853868195,0.00431654676258993,0.00689803837033843,0.00380831482069184,0.00701908313226585,0.000986842105263158,0.00398803589232303,0,0.000721761097076868,0,0.0171666064329599,0.00477259966311061,0.0147713116212849,0.00785634118967452,0.00496342737722048,0.010009845749918,0.000712250712250712,1,0.00158679784195493,0.00786802030456853,0.00633802816901408,0.00930131948950898,0.00127713920817369,0.0101797704136885,0,0.000368324125230203,0.0023194168323393,0.000724112961622013,0.00469314079422383,0.00374089387674739,0.00516077808654228,0.00199942873464724,0.00145666423889294,0.00276582667486171,0.0011070110701107,0.000371885459278542,0.00467699503069278,0,0.00112065745237206,0.000377500943752359,0.00096961861667744,0,0.000387146728610143,0,0.00351947442515251,0.00289687137891078,0.00479961603071754,0.00209351011863224,0.00224863475746868,0.00105559465165376,0,0,0,0.0041708043694141,0.00158946412352407,0.00465492815219591,0.00434782608695652,0.00256739409499358,0.00483968542044767,0.00322858372793801,0.00374298190892077,0.00300493668169135,0.00507982583454282,0.00284629981024668,0.00193751513683701,0.00355420157400355,0.00233887733887734,0.00197405527354766,0.00188121472722386,0.00248385494287134
"FC_Mgc",0.00318181818181818,0.00400246305418719,0.00185048112509252,0.00232867598137059,0.00234375,0.00183992640294388,0.00377216144851,0.000868055555555556,0.00194099378881988,0.00977517106549365,0.00898203592814371,0,0.00131233595800525,0,0.00221545278316256,0.00383877159309021,0.00244366005973391,0.00121114251110214,0.00327689787001638,0.0029034599564481,0.00376411543287327,0.00158679784195493,1,0.00358239508700102,0.00264200792602378,0.00302114803625378,0.00177935943060498,0.0018875047187618,0.00439238653001464,0.00141843971631206,0.00197433366238894,0.00399467376830892,0.00225479143179256,0.00455432661027977,0.00493583415597236,0.00469483568075117,0.0013531799729364,0.000798722044728434,0.00142450142450142,0.00147275405007364,0.0077683615819209,0,0.0029940119760479,0,0.00369344413665743,0,0,0,0.00309734513274336,0.004149377593361,0.0032258064516129,0.00116144018583043,0.00180505415162455,0.00119904076738609,0,0,0,0.00263331138907176,0.00418235048097031,0.00476028561713703,0.00422119037568594,0.00262270513300862,0.00337495781302734,0.00340651021953066,0.00356252226576416,0.00414781297134238,0.005125284738041,0.00589569160997732,0.00567375886524823,0.00361570247933884,0.00599128540305011,0.00455729166666667,0.00467836257309942,0.00297029702970297
"FC_InN.Six3",0.0053226879574185,0.00443568260226713,0.00456360524814604,0.00630914826498423,0.00535236396074933,0.00605042016806723,0.00753623188405797,0.00305810397553517,0.00443655723158829,0.00325732899022801,0.00164563905650027,0.000681663258350375,0.000634115409004439,0,0.00612661674608577,0.00590717299578059,0.00557786702365016,0.00549282880683552,0.00454545454545455,0.00588116000811195,0.000619578686493185,0.00786802030456853,0.00358239508700102,1,0.00585556278464541,0.0084253341080767,0.00517866390471258,0.00550724637681159,0.000666666666666667,0.00197628458498024,0.00219058050383352,0,0.00390445567294442,0.0041162850527399,0.00207200207200207,0.00260078023407022,0.000643500643500643,0.00145278450363196,0.00131926121372032,0,0.00133988387673068,0,0,0.000687757909215956,0.00105263157894737,0.000687285223367698,0.000720461095100865,0,0.00358189514816021,0.00265369305616984,0.00301709688233322,0.000596658711217184,0.00051975051975052,0.00182149362477231,0,0,0,0.00285714285714286,0.00155714730613516,0.00346020761245675,0.00282574568288854,0.00316091954022989,0.00424178154825027,0.00318379160636758,0.00276090557702927,0.00317277184886069,0.0039279112754159,0.00363997352746525,0.0034106412005457,0.00400436840189297,0.00377073906485671,0.00383141762452107,0.00277117973079968,0.00211640211640212
"FC_InN.Sst.Pvalb",0.00451399337947638,0.00618556701030928,0.00523834468308015,0.00484966052376334,0.004346644933442,0.00455373406193078,0.00610241443353675,0.00483941926968764,0.00568951503657545,0.001388246182323,0.00140252454417952,0,0,0,0.00827849713436638,0.00671140939597315,0.00542005420054201,0.00697155605131065,0.00746775288526816,0.00918133129303749,0.00363825363825364,0.00633802816901408,0.00264200792602378,0.00585556278464541,1,0.00611052072263549,0.00355713650511338,0.00531208499335989,0,0.00108991825613079,0.00186741363211951,0,0.0038552152495181,0.00380680466333571,0.00600961538461538,0.00190548780487805,0.00160599571734475,0.00168067226890756,0.00109170305676856,0,0.00392464678178964,0,0.000555555555555556,0,0.001806684733514,0,0,0,0.0059206631142688,0.00193948797517455,0.0042501517911354,0.000502008032128514,0,0.00203873598369011,0,0,0,0.00264042246759482,0.00426499857833381,0.00442477876106195,0.0040045766590389,0.0023696682464455,0.00415953021776364,0.00291699814372845,0.0053475935828877,0.00343824385083311,0.00452586206896552,0.00299490865528601,0.00431565967940814,0.00359125040809664,0.00370744860128076,0.00450788880540947,0.00387596899224806,0.00317762948840165
"FC_Claustrum",0.00432315590380978,0.00717753852649356,0.00812813770021516,0.00734966592427617,0.00493096646942801,0.00381056069678824,0.00773133607151486,0.00225818592397441,0.00713934022648941,0.00315581854043392,0.00278440731901352,0.000462534690101758,0.0013215859030837,0,0.0134360798261213,0.00358539765319426,0.0134424313267095,0.00732138348901792,0.0042004200420042,0.00946090681899322,0.00216919739696312,0.00930131948950898,0.00302114803625378,0.0084253341080767,0.00611052072263549,1,0.00190041809198024,0.00872093023255814,0,0.00135562584726615,0.00238189757840413,0,0.00296970896852109,0.00656742556917688,0.00351802990325418,0.00333555703802535,0.000889679715302491,0.000724375226367258,0.000452079566003617,0.00137174211248285,0.00273130761351997,0,0.000458926112895824,0,0.000770712909441233,0,0,0,0.00345377258235919,0.00406779661016949,0.00408496732026144,0.00126635711270578,0.0011463507833397,0.00128095644748079,0,0,0,0.00286154523442659,0.00282051282051282,0.00269481248596452,0.00231958762886598,0.0019147917663954,0.00223563603845294,0.00265060240963855,0.00347866419294991,0.003125,0.00338443161457296,0.00431034482758621,0.00220446403968035,0.00174064403829417,0.00119296152699075,0.00427631578947368,0.00373134328358209,0.00397501419647927
"FC_Opc",0.00597976080956762,0.0015451174289246,0.00186428038777032,0.00436241610738255,0.00354749704375246,0.00278810408921933,0.00494672754946728,0.00354295837023915,0.00352664576802508,0.00595829195630586,0.00711382113821138,0.00316957210776545,0.00134770889487871,0.00167785234899329,0.00334541399498188,0.00388852883992223,0.00300464354001639,0.00162866449511401,0.00442233278054174,0.00291757840991977,0.0025706940874036,0.00127713920817369,0.00177935943060498,0.00517866390471258,0.00355713650511338,0.00190041809198024,1,0.00266463646745337,0,0.00292397660818713,0.00606673407482305,0.00273224043715847,0.00283607487237663,0.00195950359242325,0.00231252064750578,0.00407608695652174,0,0.00488997555012225,0.00146627565982405,0.00151745068285281,0.00285103349964362,0,0,0,0.00470809792843691,0,0,0,0.003125,0.00280112044817927,0.00512581547064306,0.00118906064209275,0.00368324125230203,0.002460024600246,0,0,0,0.00198675496688742,0.0016827934371056,0.00376196990424077,0.00297619047619048,0.00226415094339623,0.00169606512890095,0.00266768292682927,0.0025089605734767,0.00265553869499241,0.00371747211895911,0.00411146642302421,0.00333333333333333,0.00260688216892596,0.00384615384615385,0.00263331138907176,0.00473372781065089,0.004004004004004
"FC_L5.Parm1",0.0062296858071506,0.00590592701961611,0.00333253987145918,0.00668002672010688,0.003942828979793,0.00572987721691678,0.00749335267101765,0.00225988700564972,0.00540939267273174,0.00276243093922652,0.00159045725646123,0.000462962962962963,0.00176444640494045,0,0.00885478158205431,0.00293350717079531,0.00833818111305022,0.00681646048977531,0.00510817307692308,0.00802425106990014,0.00173611111111111,0.0101797704136885,0.0018875047187618,0.00550724637681159,0.00531208499335989,0.00872093023255814,0.00266463646745337,1,0.000455996352029184,0.000904159132007233,0.00198570293884035,0.000884955752212389,0.00356718192627824,0.00415119073629015,0.0019767186470459,0.000999000999000999,0,0.00363504180298073,0,0.000914913083257091,0.00170648464163823,0,0.000919117647058824,0,0.000771307365985345,0,0.000480538202787122,0,0.00159193420005306,0.0013531799729364,0.00272108843537415,0.000844594594594595,0.00383435582822086,0.000854335753951303,0,0,0,0.00175978882534096,0.00307929176289453,0.00269602336553583,0.00309677419354839,0.00239578342117873,0.00223663609930664,0.00289365806607186,0.00254983773759852,0.00312650312650313,0.0049870337123479,0.00404203718674212,0.00275862068965517,0.00378126817917394,0.00179157957599283,0.00164149704530532,0.00217458838148493,0.00426257459505541
"FC_Endo",0,0.000357142857142857,0.000445235975066785,0.000391849529780564,0,0,0,0,0,0.00174825174825175,0.00547445255474453,0.0104712041884817,0.0033112582781457,0,0.000316656111462951,0,0,0,0.000726744186046512,0,0,0,0.00439238653001464,0.000666666666666667,0,0,0,0.000455996352029184,1,0,0.00180505415162455,0.0103092783505155,0.000323101777059774,0.00152439024390244,0.000385653682992673,0.000964320154291225,0,0.00126262626262626,0,0.0045662100456621,0.00207253886010363,0,0,0,0.00159744408945687,0.00555555555555556,0,0,0,0,0,0.00249376558603491,0.00463678516228748,0.00536193029490617,0,0,0,0.000386847195357834,0,0.000400962309542903,0,0,0.000796495420151334,0.00045662100456621,0,0,0.00097815454841865,0.000569151963574274,0.000600240096038415,0,0.00144404332129964,0.000924214417744917,0.000795544948289578,0.00191938579654511
"FC_Peri",0.00113314447592068,0.00141995030173944,0.000441306266548985,0.00116731517509728,0.000470588235294118,0,0,0.00281293952180028,0.000467289719626168,0.00168918918918919,0.00175438596491228,0,0.009375,0,0.000314663310258024,0,0.000307597662257767,0.000490436488474743,0,0.000810372771474878,0,0.000368324125230203,0.00141843971631206,0.00197628458498024,0.00108991825613079,0.00135562584726615,0.00292397660818713,0.000904159132007233,0,1,0,0,0.00096370061034372,0.00113421550094518,0,0.000946073793755913,0,0.00246609124537608,0,0,0.00304878048780488,0,0.00436681222707424,0.0050251256281407,0.00154798761609907,0,0,0,0.000547645125958379,0.000989119683481701,0.000576036866359447,0.00476190476190476,0.00449775112443778,0.00253807106598985,0,0,0,0,0.000510204081632653,0.00119426751592357,0,0.000895255147717099,0.000790201501382853,0,0.000842105263157895,0.00045004500450045,0.00129617627997408,0.00056274620146314,0,0,0.00142348754448399,0.000907441016333938,0.00156739811912226,0.00252844500632111
"FC_L5.Fezf2",0.00241429261226461,0.00288369112463954,0.00272479564032698,0.00243478260869565,0.00205761316872428,0.00195790504160548,0.00317208564631245,0.000979431929480901,0.00163532297628782,0.00557413600891862,0.00113765642775882,0,0.00158478605388273,0,0.00345224395857307,0.00629811056682995,0.00394699746264449,0.00298889837745517,0.000586510263929619,0.0024975024975025,0.00299850074962519,0.0023194168323393,0.00197433366238894,0.00219058050383352,0.00186741363211951,0.00238189757840413,0.00606673407482305,0.00198570293884035,0.00180505415162455,0,1,0.00483870967741936,0.00146198830409357,0.00339328130302002,0.00171350239890336,0.00146520146520147,0.00164473684210526,0.00268096514745308,0,0,0.00465116279069767,0.00226244343891403,0.00185873605947955,0,0.00420168067226891,0,0,0,0.00187617260787992,0.000757575757575758,0.000978473581213307,0.00136986301369863,0.00204708290685773,0.00427960057061341,0,0,0,0.00103021978021978,0.00132333480370534,0.00070871722182849,0.00133630289532294,0.00315333070555775,0.00140944326990839,0.00119189511323004,0.00111815132314573,0.000395100750691426,0.00088339222614841,0.00336538461538462,0.00150526843953838,0.00110497237569061,0.00116686114352392,0.0021291696238467,0.00252684775742262,0.00264550264550265
"FC_InN.Lrrc38.Plcxd3",0.00165562913907285,0.00174581005586592,0.000864677907479464,0.000381679389312977,0.00230520977408944,0,0.00220848056537102,0,0.00228937728937729,0.00312989045383412,0.00487012987012987,0,0.00815217391304348,0.00896860986547085,0.00124107973937325,0.00255536626916525,0.000909918107370337,0.000479156684235745,0.000692520775623269,0.000266524520255864,0,0.000724112961622013,0.00399467376830892,0,0,0,0.00273224043715847,0.000884955752212389,0.0103092783505155,0,0.00483870967741936,1,0.000632511068943707,0.00111399925733383,0.00112824370063934,0,0,0.00116279069767442,0.0032258064516129,0,0.00290697674418605,0,0,0,0.00144092219020173,0,0,0,0.000533617929562433,0.000944287063267233,0.00393700787401575,0.00642398286937901,0.00560224089635854,0.00226244343891403,0,0,0,0.00150943396226415,0.00199501246882793,0.000780944943381492,0.000503524672708963,0.00175438596491228,0.000775494377665762,0.00266311584553928,0,0.000881445570736007,0.000956937799043062,0.00109649122807018,0.000576701268742791,0.00193798449612403,0.00137646249139711,0.00174064403829417,0.00151057401812689,0.000612369871402327
"LM_Skm.Myh4.1",0.00632083696599826,0.00425004427129449,0.00530451866404715,0.00463134494257132,0.00525252525252525,0.00306077831219939,0.00475530017832376,0.00366197183098592,0.00483189047714918,0.0014543339150669,0.000877706260971328,0.000980392156862745,0.00157828282828283,0.000992063492063492,0.00516925129231282,0.00251952632905014,0.00378351702582662,0.00390063641962636,0.00425632537242847,0.00521392424474774,0.0015600624024961,0.00469314079422383,0.00225479143179256,0.00390445567294442,0.0038552152495181,0.00296970896852109,0.00283607487237663,0.00356718192627824,0.000323101777059774,0.00096370061034372,0.00146198830409357,0.000632511068943707,1,0.066123715338375,0.0766502463054187,0.0106025342642876,0.00190839694656489,0.0149625935162095,0.000964630225080386,0.000647668393782383,0.00920568122041031,0,0.00130039011703511,0.000984574991795208,0.00691045205873884,0.00197044334975369,0.000335232986925914,0,0.00710594315245478,0.00389914218871848,0.00614169774073262,0.00306560392397302,0.00485298315729375,0.00185242358752701,0,0,0,0.00738552437223043,0.0045938609313009,0.00751173708920188,0.00693860386879731,0.00712871287128713,0.00654450261780105,0.00496425734710087,0.00461272342879108,0.00694720127034538,0.00626799932237845,0.00893830390233268,0.00554078014184397,0.00438394093216428,0.00329955220362951,0.00585241730279898,0.00413524689856483,0.00543970988213962
"LM_Skm.Myh1",0.00655021834061135,0.00521638330757342,0.00518918918918919,0.0054788961038961,0.00490414623272403,0.00316532748965181,0.0054608999563128,0.00454397922752353,0.00288248337028825,0.00371120107962213,0.00203596878181201,0.000771307365985345,0.00222304557243423,0.000782166601486116,0.00487893024936755,0.00429061784897025,0.00571224562656194,0.00385925085130533,0.00318555880010619,0.00263591433278418,0.00109529025191676,0.00374089387674739,0.00455432661027977,0.0041162850527399,0.00380680466333571,0.00656742556917688,0.00195950359242325,0.00415119073629015,0.00152439024390244,0.00113421550094518,0.00339328130302002,0.00111399925733383,0.066123715338375,1,0.0486985726280437,0.00938967136150235,0.0041183077499064,0.0155753337571519,0.00037821482602118,0.000763358778625954,0.00928699820251648,0,0.00114986584898429,0.00116324156649864,0.0106773440106773,0.00155098875533152,0.000397614314115308,0,0.00862688713156003,0.00712166172106825,0.00857002938295788,0.00465782873522035,0.00361723117395594,0.00144248106743599,0,0,0,0.0097165991902834,0.00718923933209648,0.00865087538619979,0.0107602339181287,0.00917832167832168,0.00737856118056979,0.00834248079034029,0.00826271186440678,0.00523903077930583,0.00736377025036819,0.00775193798449612,0.00792667822640575,0.00569505565622573,0.00637450199203187,0.00577200577200577,0.00494233937397035,0.00813008130081301
"LM_Skm.Myh4.2",0.00586653629919335,0.00466472303206997,0.00478989767036795,0.00469579420171499,0.0042648709315376,0.00541338582677165,0.00417582417582418,0.00360655737704918,0.00312849162011173,0.00443989071038251,0.00137221269296741,0.000390625,0.00112443778110945,0.000792707094728498,0.00509183487906892,0.00462294134643167,0.00412408104715797,0.00274223034734918,0.00456008583690987,0.0048140770252324,0.0014792899408284,0.00516077808654228,0.00493583415597236,0.00207200207200207,0.00600961538461538,0.00351802990325418,0.00231252064750578,0.0019767186470459,0.000385653682992673,0,0.00171350239890336,0.00112824370063934,0.0766502463054187,0.0486985726280437,1,0.0127862027951234,0.00189178963299281,0.0196774193548387,0.00191864927091328,0.000386548125241593,0.0087719298245614,0,0.00116504854368932,0.00157232704402516,0.00943714189416919,0.0027537372147915,0,0,0.0094294003868472,0.0102224894768491,0.00889108421832551,0.00544464609800363,0.00332446808510638,0.00219218122031421,0,0,0,0.00793489318413021,0.00795321637426901,0.0091305250051878,0.0113234253361642,0.00835899692036956,0.00888797023563456,0.00929820677440779,0.00789249146757679,0.00905077262693157,0.0105928266121539,0.0107790298873101,0.00925462731365683,0.00627123072903057,0.00616291532690246,0.00612244897959184,0.0041539739684298,0.00665301944728762
"LM_FB",0.00352941176470588,0.00305385896724042,0.00262209111766634,0.0029806259314456,0.00343878954607978,0.00158353127474268,0.00433333333333333,0.00400266844563042,0.00204988042364195,0.00217076700434153,0.0014695077149155,0,0.000897666068222621,0.00103305785123967,0.00201867272268483,0.0047071129707113,0.00049480455220188,0.00425531914893617,0.00320806599450046,0.00155902004454343,0,0.00199942873464724,0.00469483568075117,0.00260078023407022,0.00190548780487805,0.00333555703802535,0.00407608695652174,0.000999000999000999,0.000964320154291225,0.000946073793755913,0.00146520146520147,0,0.0106025342642876,0.00938967136150235,0.0127862027951234,1,0,0.00753295668549906,0.00380589914367269,0.00194174757281553,0.00850340136054422,0,0.00294406280667321,0.00202020202020202,0.00629370629370629,0,0,0,0.00576036866359447,0.00669642857142857,0.00756972111553785,0.00165016501650165,0.00274348422496571,0,0,0,0,0.00443393437777121,0.00547845142439737,0.00394656952034001,0.00367511944138184,0.00598006644518272,0.00453172205438067,0.00535654502845665,0.00603174603174603,0.00232712765957447,0.00622083981337481,0.00587084148727984,0.00364372469635628,0.00879120879120879,0.00365130077590141,0.00370762711864407,0.00387972841901067,0.00252951096121417
"LM_Endo",0.00111172873818788,0.00105189340813464,0.00130548302872063,0.00153668843641952,0.000463177396943029,0.00169587337478802,0.000887705281846427,0,0.00092038656235619,0.00159744408945687,0.00165562913907285,0,0,0,0.000622858922454064,0.000860585197934596,0.00182926829268293,0.000965250965250965,0.00210084033613445,0.000802997858672377,0,0.00145666423889294,0.0013531799729364,0.000643500643500643,0.00160599571734475,0.000889679715302491,0,0,0,0,0.00164473684210526,0,0.00190839694656489,0.0041183077499064,0.00189178963299281,0,1,0.00236686390532544,0.00337837837837838,0,0.00690335305719921,0,0.0114942528735632,0,0.00147058823529412,0.00858369098712446,0,0,0.00215401184706516,0.00287631831255992,0.00510783200908059,0.0021978021978022,0.00427960057061341,0.00468384074941452,0,0,0,0.00265856437523737,0.00100351229302559,0.000392464678178964,0.00101471334348047,0.0022075055187638,0.00156067108856808,0.00133809099018733,0.00166181969256336,0.00133096716947649,0.000640614990390775,0.00221238938053097,0.00116346713205352,0.000651041666666667,0.000694444444444444,0.00264550264550265,0.00152671755725191,0.00185528756957328
"LM_MTJ",0.00303424360641526,0.00208271347813151,0.00392436674991081,0.00224863475746868,0.0014986886474335,0.00175361683472161,0.00398984403336961,0.00398406374501992,0.00410907732536421,0.00263852242744063,0.00269058295964126,0,0.00230414746543779,0,0.00215169445938677,0.00239234449760766,0.00211026114481667,0.00232468035645099,0.00413223140495868,0.00117730162467624,0.00220994475138122,0.00276582667486171,0.000798722044728434,0.00145278450363196,0.00168067226890756,0.000724375226367258,0.00488997555012225,0.00363504180298073,0.00126262626262626,0.00246609124537608,0.00268096514745308,0.00116279069767442,0.0149625935162095,0.0155753337571519,0.0196774193548387,0.00753295668549906,0.00236686390532544,1,0.00371747211895911,0.00127226463104326,0.00854700854700855,0,0,0.0053835800807537,0.00929839391377853,0.00133868808567604,0,0,0.00423011844331641,0.00515796260477112,0.00572435050638485,0.00414507772020725,0.00329760923330585,0.00106269925611052,0,0,0,0.00446001911436763,0.0032,0.00229132569558101,0.00688537869582827,0.00288288288288288,0.00522193211488251,0.00473588342440801,0.00308747855917667,0.00325968851865266,0.00469613259668508,0.0038860103626943,0.00585321927059883,0.00440960313571779,0.00617919670442842,0.0048721071863581,0.00329851566794942,0.00234962406015038
"LM_Macg",0.00227272727272727,0.000710227272727273,0,0.00155884645362432,0.000471253534401508,0,0.0004510599909788,0,0.000467945718296678,0,0.00353356890459364,0,0,0,0.00031496062992126,0.00177935943060498,0.000615953187557746,0,0.000717875089734386,0.000540540540540541,0,0.0011070110701107,0.00142450142450142,0.00131926121372032,0.00109170305676856,0.000452079566003617,0.00146627565982405,0,0,0,0,0.0032258064516129,0.000964630225080386,0.00037821482602118,0.00191864927091328,0.00380589914367269,0.00337837837837838,0.00371747211895911,1,0,0.00716479017400205,0,0,0,0,0,0,0,0.000548546352166758,0.000992063492063492,0.00115473441108545,0,0.00300751879699248,0.00255754475703325,0,0,0,0.00115384615384615,0.00204708290685773,0.00159489633173844,0.0020703933747412,0.000896458987001345,0.00237717908082409,0.00181488203266788,0.00168776371308017,0.000450653447498873,0.00162232316677482,0.00112803158488438,0.00178465199286139,0,0.00285714285714286,0.000909918107370337,0.0055205047318612,0.00316856780735108
"LM_SMC",0.00172612197928654,0.000357909806728704,0,0.000392772977219167,0.000953288846520496,0.000584453535943892,0,0,0.000473036896877956,0,0.00368324125230203,0.00537634408602151,0.00337837837837838,0,0.000317258883248731,0.000907441016333938,0,0.000496770988574267,0.00072992700729927,0.00054392167527876,0.003003003003003,0.000371885459278542,0.00147275405007364,0,0,0.00137174211248285,0.00151745068285281,0.000914913083257091,0.0045662100456621,0,0,0,0.000647668393782383,0.000763358778625954,0.000386548125241593,0.00194174757281553,0,0.00127226463104326,0,1,0.00104166666666667,0,0,0.00578034682080925,0.00161290322580645,0,0,0,0.00111172873818788,0.00407331975560081,0.00234329232571763,0,0.0015552099533437,0,0,0,0,0.00116414435389988,0.0015527950310559,0.000401929260450161,0.0010465724751439,0.000452693526482571,0.000798403193612774,0.00137488542621448,0.000851426138782461,0.00136736554238833,0.000653167864141084,0.000571102227298686,0.00301932367149758,0.00135593220338983,0.00072463768115942,0.000929368029739777,0.000799360511590727,0.00128369704749679
"LM_Fat",0.00810372771474878,0.00311526479750779,0.00268456375838926,0.00335059396893086,0.00246478873239437,0.00326397388820889,0.00478142076502732,0.00209643605870021,0.00139958012596221,0.00612557427258806,0.00544747081712062,0.00322234156820623,0.00869565217391304,0.00335195530726257,0.00541376643464811,0.00762527233115468,0.00607748797163839,0.004,0.0042674253200569,0.00203758206927779,0.00185356811862836,0.00467699503069278,0.0077683615819209,0.00133988387673068,0.00392464678178964,0.00273130761351997,0.00285103349964362,0.00170648464163823,0.00207253886010363,0.00304878048780488,0.00465116279069767,0.00290697674418605,0.00920568122041031,0.00928699820251648,0.0087719298245614,0.00850340136054422,0.00690335305719921,0.00854700854700855,0.00716479017400205,0.00104166666666667,1,0,0.00105263157894737,0.00436205016357688,0.00959409594095941,0,0,0,0.00552486187845304,0.0104956268221574,0.00613999181334425,0.0088261253309797,0.0131099781500364,0.00359712230215827,0.00116822429906542,0,0,0.00635208711433757,0.0041183077499064,0.0077857365306758,0.00757575757575758,0.00544032641958518,0.00556242274412855,0.00790649707803369,0.00453955901426719,0.00546448087431694,0.00501054852320675,0.0105135463000404,0.00795311845960653,0.004516711833785,0.00472143531633617,0.00773480662983425,0.00502765208647562,0.00874508089199825
"LM_B_cell",0,0,0,0,0,0,0,0,0,0,0,0,0,0,0,0,0.000320615581917281,0,0,0,0,0,0,0,0,0,0,0,0,0,0.00226244343891403,0,0,0,0,0,0,0,0,0,0,1,0,0,0,0,0,0,0,0,0,0,0,0,0,0,0,0,0,0,0,0,0,0,0,0,0,0,0,0,0,0,0,0
"LM_Kerat",0.000578034682080925,0.000359195402298851,0,0.00157915515199368,0.000957854406130268,0,0.000457875457875458,0.0014792899408284,0.000951022349025202,0.00179856115107914,0.00187265917602996,0,0,0,0,0.000915750915750916,0.00031104199066874,0,0,0.00109140518417462,0.00309597523219814,0.00112065745237206,0.0029940119760479,0,0.000555555555555556,0.000458926112895824,0,0.000919117647058824,0,0.00436681222707424,0.00185873605947955,0,0.00130039011703511,0.00114986584898429,0.00116504854368932,0.00294406280667321,0.0114942528735632,0,0,0,0.00105263157894737,0,1,0,0,0,0,0,0.00111794298490777,0,0,0,0,0.00279329608938547,0,0,0,0,0.00051975051975052,0,0.000525762355415352,0.000909918107370337,0.000801603206412826,0.00092038656235619,0.000855066267635742,0.000457456541628545,0.000327546675401245,0.000574382538770821,0.00121285627653123,0.000682128240109141,0.00072992700729927,0,0.0008058017727639,0.000645577792123951
"LM_MuSC",0.00117716303708064,0,0,0.000399042298483639,0,0.000598444045481747,0.000464252553389044,0.00154798761609907,0,0.00380952380952381,0.00198412698412698,0,0.00784313725490196,0,0,0,0.000313971742543171,0.000506842372022301,0.00150489089541008,0.000825082508250825,0,0.000377500943752359,0,0.000687757909215956,0,0,0,0,0,0.0050251256281407,0,0,0.000984574991795208,0.00116324156649864,0.00157232704402516,0.00202020202020202,0,0.0053835800807537,0,0.00578034682080925,0.00436205016357688,0,0,1,0,0,0,0,0,0.00105820105820106,0.000598802395209581,0,0,0.00304878048780488,0,0,0,0,0.00105652403592182,0.000408496732026144,0,0.000461041954817888,0,0,0.000432900432900433,0.00232342007434944,0.00099304865938431,0.00175541252194266,0.00123533045089561,0,0.00149365197908887,0,0,0.000658327847267939
"LM_NMJ",0.00373831775700935,0.00187734668335419,0.00227100681302044,0.00169548999660902,0.000798403193612774,0.00331439393939394,0.00347088314693405,0.00183150183150183,0.00119094878920206,0.00515995872033024,0.0010515247108307,0.00168634064080944,0.00427960057061341,0.00179533213644524,0.00225225225225225,0.00465735196274118,0.00137816979051819,0.00289975144987573,0.00508762012436405,0.000489715964740451,0.00135135135135135,0.00096961861667744,0.00369344413665743,0.00105263157894737,0.001806684733514,0.000770712909441233,0.00470809792843691,0.000771307365985345,0.00159744408945687,0.00154798761609907,0.00420168067226891,0.00144092219020173,0.00691045205873884,0.0106773440106773,0.00943714189416919,0.00629370629370629,0.00147058823529412,0.00929839391377853,0,0.00161290322580645,0.00959409594095941,0,0,0,1,0.00172117039586919,0,0,0.00226963231956423,0.00143781452192667,0.00331596399810516,0.00249687890137328,0.00382043935052531,0.00258397932816537,0,0,0,0.0023489932885906,0.00256849315068493,0.00277008310249307,0.00389441800086543,0.00383582662063675,0.00206327372764787,0.00270793036750484,0.00145243282498184,0.00115340253748558,0.00115373521776752,0.00232126276694522,0.002909796314258,0.00372935535428876,0.00336700336700337,0.00134952766531714,0.00484554815263477,0.00510986203372509
"LM_Skm.Gm5141",0,0.000362976406533575,0.000454338936846888,0.000398883127243718,0,0,0,0,0,0.00380228136882129,0,0,0,0,0,0.000940733772342427,0.000627943485086342,0.000506585612968592,0,0,0,0,0,0.000687285223367698,0,0,0,0,0.00555555555555556,0,0,0,0.00197044334975369,0.00155098875533152,0.0027537372147915,0,0.00858369098712446,0.00133868808567604,0,0,0,0,0,0,0.00172117039586919,1,0,0,0.00056785917092561,0,0.000598444045481747,0,0,0,0,0,0,0.000787711697518708,0,0.00163532297628782,0,0.00138376383763838,0.000405350628293474,0.000932835820895522,0,0,0.000330687830687831,0,0.000616903146206046,0,0,0.00193050193050193,0,0
"LM_Neutrophil",0,0,0,0,0,0,0,0,0,0,0,0,0,0,0,0,0,0,0,0,0,0.000387146728610143,0,0.000720461095100865,0,0,0,0.000480538202787122,0,0,0,0,0.000335232986925914,0.000397614314115308,0,0,0,0,0,0,0,0,0,0,0,0,1,0,0,0,0,0,0,0,0,0,0,0,0,0,0,0,0.000416666666666667,0,0,0,0,0,0,0,0,0,0,0
"LM_Eryth",0,0,0,0,0,0,0,0,0,0,0,0,0,0,0,0,0,0,0,0,0,0,0,0,0,0,0,0,0,0,0,0,0,0,0,0,0,0,0,0,0,0,0,0,0,0,0,1,0,0,0,0,0,0,0,0,0,0,0,0,0,0,0,0,0,0,0,0,0,0,0,0,0,0
"HT_CM",0.00635016631387965,0.00182898948331047,0.00340760157273919,0.00266796022313849,0.00381159814865233,0.00304043782304652,0.00371549893842887,0.00176211453744493,0.00352399024125779,0.00186046511627907,0.0018796992481203,0,0.00159489633173844,0.000575705238917674,0.00169061707523246,0.00373134328358209,0.00270833333333333,0.00278473962684489,0.0023720772619451,0.00190258751902588,0.000520833333333333,0.00351947442515251,0.00309734513274336,0.00358189514816021,0.0059206631142688,0.00345377258235919,0.003125,0.00159193420005306,0,0.000547645125958379,0.00187617260787992,0.000533617929562433,0.00710594315245478,0.00862688713156003,0.0094294003868472,0.00576036866359447,0.00215401184706516,0.00423011844331641,0.000548546352166758,0.00111172873818788,0.00552486187845304,0,0.00111794298490777,0,0.00226963231956423,0.00056785917092561,0,0,1,0.0137903861308117,0.00887121443866626,0.00558092338914257,0.0035987404408457,0.00359158542842483,0,0,0,0.00822646987660295,0.00513698630136986,0.00617131572451247,0.00574712643678161,0.00636098595282269,0.00762983017474772,0.00694073678590497,0.00741877718086467,0.00611539484179739,0.00736408923543426,0.00967644390686423,0.00619578686493185,0.00590938936309915,0.00507958008804606,0.00452488687782805,0.00424478245489919,0.00222929936305732
"HT_FB",0.00560224089635854,0.0030933633295838,0.00333000333000333,0.00362866646507409,0.00314355571079287,0.00242130750605327,0.00304259634888438,0.00137268359643102,0.00104022191400832,0.00374812593703148,0.00228310502283105,0,0.000936329588014981,0,0.00127551020408163,0.00374732334047109,0.00250752256770311,0.00143781452192667,0.00327715355805243,0.00247747747747748,0.000904977375565611,0.00289687137891078,0.004149377593361,0.00265369305616984,0.00193948797517455,0.00406779661016949,0.00280112044817927,0.0013531799729364,0,0.000989119683481701,0.000757575757575758,0.000944287063267233,0.00389914218871848,0.00712166172106825,0.0102224894768491,0.00669642857142857,0.00287631831255992,0.00515796260477112,0.000992063492063492,0.00407331975560081,0.0104956268221574,0,0,0.00105820105820106,0.00143781452192667,0,0,0,0.0137903861308117,1,0.00689375506893755,0.00689655172413793,0.00639658848614072,0.00263620386643234,0,0,0,0.00539892021595681,0.0051986632008912,0.00276752767527675,0.00561797752808989,0.00404040404040404,0.00613685179502915,0.00509857239972808,0.00547327752736639,0.00575880758807588,0.00313807531380753,0.008792965627498,0.00288540807914262,0.00401785714285714,0.00186133085155886,0.0032555615843733,0.00297324083250743,0.00430663221360896
"HT_Endo",0.0043424317617866,0.00468164794007491,0.00295143547088811,0.00372300819061802,0.00502933780385583,0.0028125,0.00489929232444202,0.00229463056447912,0.00417014178482068,0.00584795321637427,0.00393313667649951,0.00118906064209275,0.0016750418760469,0.000607164541590771,0.00258788009488894,0.00347356233114628,0.00339919269173571,0.00429061784897025,0.00420168067226891,0.00329521225043613,0.00218938149972633,0.00479961603071754,0.0032258064516129,0.00301709688233322,0.0042501517911354,0.00408496732026144,0.00512581547064306,0.00272108843537415,0,0.000576036866359447,0.000978473581213307,0.00393700787401575,0.00614169774073262,0.00857002938295788,0.00889108421832551,0.00756972111553785,0.00510783200908059,0.00572435050638485,0.00115473441108545,0.00234329232571763,0.00613999181334425,0,0,0.000598802395209581,0.00331596399810516,0.000598444045481747,0,0,0.00887121443866626,0.00689375506893755,1,0.00424403183023873,0.0103822557810288,0.00538793103448276,0,0,0,0.00666666666666667,0.00409596255119953,0.00758341759352882,0.00679067020962504,0.00678978815860945,0.00577744285355438,0.00546149645002731,0.00365153886280647,0.00599128540305011,0.00728798586572438,0.00775434243176179,0.00765794511805999,0.00813559322033898,0.00453752181500873,0.00468384074941452,0.00585437248444932,0.00625411454904542
"HT_Macg",0.0015625,0.00134544231416078,0.00206782464846981,0.00110051357300073,0.00175592625109745,0.000528262017960909,0.0012636899747262,0.00115207373271889,0.00174443959877889,0.00672043010752688,0.00275862068965517,0.00271739130434783,0.00209205020920502,0,0.0015015015015015,0.00312256049960968,0.00117508813160987,0.00136798905608755,0.000644329896907216,0.00129668049792531,0,0.00209351011863224,0.00116144018583043,0.000596658711217184,0.000502008032128514,0.00126635711270578,0.00118906064209275,0.000844594594594595,0.00249376558603491,0.00476190476190476,0.00136986301369863,0.00642398286937901,0.00306560392397302,0.00465782873522035,0.00544464609800363,0.00165016501650165,0.0021978021978022,0.00414507772020725,0,0,0.0088261253309797,0,0,0,0.00249687890137328,0,0,0,0.00558092338914257,0.00689655172413793,0.00424403183023873,1,0.00609013398294762,0.00547445255474453,0,0,0,0.00290486564996369,0.00284225485551871,0.00262762762762763,0.00191296030607365,0.00293501048218029,0.00373273609555804,0.00339126748622298,0.00237435694499406,0.00379746835443038,0.00464252553389044,0.0051975051975052,0.00217509516041327,0.00362976406533575,0.00192307692307692,0.000794912559618442,0.0027972027972028,0.00114942528735632
"HT_SMC",0.00649049605934168,0.00248678893378924,0.00300413067968457,0.00337040781934614,0.00237717908082409,0.00140252454417952,0.00382409177820268,0.00269299820466786,0.00196850393700787,0.00201005025125628,0.00308641975308642,0.0032520325203252,0.00414364640883978,0.00172413793103448,0.00251818690542809,0.00130633572828217,0.00191833379007947,0.000819000819000819,0.00502232142857143,0.00170648464163823,0,0.00224863475746868,0.00180505415162455,0.00051975051975052,0,0.0011463507833397,0.00368324125230203,0.00383435582822086,0.00463678516228748,0.00449775112443778,0.00204708290685773,0.00560224089635854,0.00485298315729375,0.00361723117395594,0.00332446808510638,0.00274348422496571,0.00427960057061341,0.00329760923330585,0.00300751879699248,0.0015552099533437,0.0131099781500364,0,0,0,0.00382043935052531,0,0,0,0.0035987404408457,0.00639658848614072,0.0103822557810288,0.00609013398294762,1,0.00629722921914358,0,0,0,0.00333333333333333,0.00211864406779661,0.00171585449553878,0.0038560411311054,0.00189753320683112,0.0037593984962406,0.00538254517493272,0.00252343186733958,0.001906941266209,0.00258249641319943,0.00275735294117647,0.0014367816091954,0.0010498687664042,0.00499445061043285,0.00399733510992672,0.0035799522673031,0.00353000504286435
"HT_Endocardial",0.000527704485488127,0.000339097999321804,0.000417536534446764,0.00111152278621712,0.000887705281846427,0.00214707461084273,0.000851788756388416,0,0.000440722785368004,0.0013869625520111,0.00143061516452074,0.00293255131964809,0,0,0.000302388872089507,0.00239043824701195,0.00029585798816568,0.000922934933087217,0.0026281208935611,0.0010443864229765,0.00204918032786885,0.00105559465165376,0.00119904076738609,0.00182149362477231,0.00203873598369011,0.00128095644748079,0.002460024600246,0.000854335753951303,0.00536193029490617,0.00253807106598985,0.00427960057061341,0.00226244343891403,0.00185242358752701,0.00144248106743599,0.00219218122031421,0,0.00468384074941452,0.00106269925611052,0.00255754475703325,0,0.00359712230215827,0,0.00279329608938547,0.00304878048780488,0.00258397932816537,0,0,0,0.00359158542842483,0.00263620386643234,0.00538793103448276,0.00547445255474453,0.00629722921914358,1,0,0,0,0.00256598240469208,0.00239808153477218,0.00379650721336371,0.00145278450363196,0.0012701100762066,0.00377073906485671,0.0025706940874036,0.0024,0.00298507462686567,0.00124416796267496,0.00315623356128353,0.00165471594043023,0.00122699386503067,0.000651465798045603,0.00244100895036615,0.005,0.00233781414377557
"HT_B_cell",0,0,0,0,0,0,0,0,0,0.00216450216450216,0,0,0,0,0.000328083989501312,0.00100200400801603,0,0,0,0.000279798545047566,0,0,0,0,0,0,0,0,0,0,0,0,0,0,0,0,0,0,0,0,0.00116822429906542,0,0,0,0,0,0,0,0,0,0,0,0,0,1,0,0,0,0,0,0,0,0,0,0,0,0,0,0,0,0,0,0,0.000687285223367698
"HT_Fat",0,0,0,0,0,0,0,0,0,0,0.00227790432801822,0,0,0,0,0,0,0,0,0,0,0,0,0,0,0,0,0,0,0,0,0,0,0,0,0,0,0,0,0,0,0,0,0,0,0,0,0,0,0,0,0,0,0,0,1,0,0,0,0,0,0,0,0,0,0,0,0,0,0,0,0.00102986611740474,0,0
"HT_T_cell",0,0,0,0,0,0,0,0,0,0,0,0,0,0,0,0,0,0,0,0,0,0,0,0,0,0,0,0,0,0,0,0,0,0,0,0,0,0,0,0,0,0,0,0,0,0,0,0,0,0,0,0,0,0,0,0,1,0,0,0,0,0,0,0,0,0,0,0,0,0,0,0,0,0
"BM_Neutrophil.Il1b",0.00366568914956012,0.00486760124610592,0.00392242318587928,0.00388230486309767,0.00630914826498423,0.00270469633636587,0.00219731927049,0.00295663600525624,0.00201252236135957,0.00239234449760766,0.000687521485046408,0.000391849529780564,0.00150432493418578,0,0.00236106066109699,0.00231147067321583,0.0021505376344086,0.0022883295194508,0.00268312315535283,0.0021551724137931,0.000741289844329133,0.0041708043694141,0.00263331138907176,0.00285714285714286,0.00264042246759482,0.00286154523442659,0.00198675496688742,0.00175978882534096,0.000386847195357834,0,0.00103021978021978,0.00150943396226415,0.00738552437223043,0.0097165991902834,0.00793489318413021,0.00443393437777121,0.00265856437523737,0.00446001911436763,0.00115384615384615,0.00116414435389988,0.00635208711433757,0,0,0,0.0023489932885906,0.000787711697518708,0,0,0.00822646987660295,0.00539892021595681,0.00666666666666667,0.00290486564996369,0.00333333333333333,0.00256598240469208,0,0,0,1,0.0170253014897139,0.0257764631312064,0.0234393685721119,0.0534069981583794,0.0226652675760756,0.0140374331550802,0.0161568289530375,0.0167112299465241,0.0181886367897994,0.0185505812515459,0.0158930373360242,0.0105180120957139,0.0116090712742981,0.0105664807748753,0.00892359174567764,0.0147324890152494
"BM_Eryth",0.00522648083623693,0.00444839857651246,0.00329197265130413,0.00352692217258406,0.00315043318456288,0.00585994726047466,0.00461775269368907,0.00166389351081531,0.00366300366300366,0.00394910048266784,0.000441501103752759,0.000524383848977452,0.00198609731876862,0,0.00267434684221354,0.00391041592605759,0.00161976108523993,0.00403225806451613,0.0035702693930542,0.0022271714922049,0.000974184120798831,0.00158946412352407,0.00418235048097031,0.00155714730613516,0.00426499857833381,0.00282051282051282,0.0016827934371056,0.00307929176289453,0,0.000510204081632653,0.00132333480370534,0.00199501246882793,0.0045938609313009,0.00718923933209648,0.00795321637426901,0.00547845142439737,0.00100351229302559,0.0032,0.00204708290685773,0.0015527950310559,0.0041183077499064,0,0.00051975051975052,0.00105652403592182,0.00256849315068493,0,0,0,0.00513698630136986,0.0051986632008912,0.00409596255119953,0.00284225485551871,0.00211864406779661,0.00239808153477218,0,0,0,0.0170253014897139,1,0.0137250180592343,0.0128205128205128,0.0123615761009529,0.0117252931323283,0.0129668049792531,0.018,0.0150259067357513,0.0135564499046812,0.0134228187919463,0.0119688809096349,0.0107458912768647,0.0117416829745597,0.00974377481053771,0.0112244897959184,0.0114056720098644
"BM_Naive_B_cell",0.00450225112556278,0.0041592394533571,0.00377861747054901,0.00374687760199833,0.00252062328139322,0.00352378555247923,0.00291676015256899,0.002708192281652,0.00342857142857143,0.00211565585331453,0.00177619893428064,0,0.00116776956014013,0,0.00406955234924158,0.00207653515277366,0.00438196092751506,0.00233699462491236,0.00551571980143409,0.00337040781934614,0.00115118956254797,0.00465492815219591,0.00476028561713703,0.00346020761245675,0.00442477876106195,0.00269481248596452,0.00376196990424077,0.00269602336553583,0.000400962309542903,0.00119426751592357,0.00070871722182849,0.000780944943381492,0.00751173708920188,0.00865087538619979,0.0091305250051878,0.00394656952034001,0.000392464678178964,0.00229132569558101,0.00159489633173844,0.000401929260450161,0.0077857365306758,0,0,0.000408496732026144,0.00277008310249307,0.00163532297628782,0,0,0.00617131572451247,0.00276752767527675,0.00758341759352882,0.00262762762762763,0.00171585449553878,0.00379650721336371,0,0,0,0.0257764631312064,0.0137250180592343,1,0.018978102189781,0.0232717316906229,0.0176633326239625,0.0159453302961276,0.0146962053081816,0.0221714285714286,0.0200611387084448,0.0125722906713603,0.0175801447776629,0.00968783638320775,0.0138657792567942,0.0111613876319759,0.00886727688787185,0.0158940397350993
"BM_Neutrophil.Ms4a3",0.00408639813193228,0.00245371403078296,0.00612870275791624,0.00283419933868682,0.0029039070749736,0.00205640423031727,0.0062015503875969,0.00209995800083998,0.00315623356128353,0.0017683465959328,0.0035778175313059,0,0.00150526843953838,0.000540832882639265,0.00268650547633809,0.00107181136120043,0.00203458799593082,0.00324236692785734,0.0039241334205363,0.00317105017720575,0.0019714144898965,0.00434782608695652,0.00422119037568594,0.00282574568288854,0.0040045766590389,0.00231958762886598,0.00297619047619048,0.00309677419354839,0,0,0.00133630289532294,0.000503524672708963,0.00693860386879731,0.0107602339181287,0.0113234253361642,0.00367511944138184,0.00101471334348047,0.00688537869582827,0.0020703933747412,0.0010465724751439,0.00757575757575758,0,0.000525762355415352,0,0.00389441800086543,0,0,0,0.00574712643678161,0.00561797752808989,0.00679067020962504,0.00191296030607365,0.0038560411311054,0.00145278450363196,0,0,0,0.0234393685721119,0.0128205128205128,0.018978102189781,1,0.0257150354237733,0.0186485831920562,0.0164878304108872,0.014021031547321,0.0196283695367705,0.0153485397569815,0.0132119788608338,0.0123531184091594,0.00889453621346887,0.0131578947368421,0.00762250453720508,0.00992470910335387,0.0102293862368258
"BM_Neutrophil.Gpr27",0.00456989247311828,0.00440251572327044,0.00284023668639053,0.00331345261762757,0.00392156862745098,0.00433369447453954,0.00431344356578001,0.00299065420560748,0.00390720390720391,0.00549234994115339,0.00236686390532544,0,0.0017474879860201,0,0.00253115264797508,0.00453808752025932,0.00307337687283903,0.00400600901352028,0.00357675111773472,0.00371418464803679,0.00128921357971637,0.00256739409499358,0.00262270513300862,0.00316091954022989,0.0023696682464455,0.0019147917663954,0.00226415094339623,0.00239578342117873,0,0.000895255147717099,0.00315333070555775,0.00175438596491228,0.00712871287128713,0.00917832167832168,0.00835899692036956,0.00598006644518272,0.0022075055187638,0.00288288288288288,0.000896458987001345,0.000452693526482571,0.00544032641958518,0,0.000909918107370337,0.000461041954817888,0.00383582662063675,0.00138376383763838,0,0,0.00636098595282269,0.00404040404040404,0.00678978815860945,0.00293501048218029,0.00189753320683112,0.0012701100762066,0,0,0,0.0534069981583794,0.0123615761009529,0.0232717316906229,0.0257150354237733,1,0.0183175033921303,0.0152986886838271,0.0132867132867133,0.0152542372881356,0.0150451354062187,0.0173724212812161,0.0107794361525705,0.0131271878646441,0.0101705055339515,0.00622134905042567,0.0108932461873638,0.0139720558882236
"BM_Monocyte",0.00373227170938044,0.004739336492891,0.00354138999557326,0.00540091400083091,0.00526315789473684,0.00552347476776299,0.00537634408602151,0.00168067226890756,0.00250170570843757,0.00175131348511384,0.00105820105820106,0.00161550888529887,0,0.000409332787556283,0.00387096774193548,0.00503107428233205,0.00381957075300109,0.00372873456070846,0.00301122365179305,0.00403496973772697,0.00114329268292683,0.00483968542044767,0.00337495781302734,0.00424178154825027,0.00415953021776364,0.00223563603845294,0.00169606512890095,0.00223663609930664,0.000796495420151334,0.000790201501382853,0.00140944326990839,0.000775494377665762,0.00654450261780105,0.00737856118056979,0.00888797023563456,0.00453172205438067,0.00156067108856808,0.00522193211488251,0.00237717908082409,0.000798403193612774,0.00556242274412855,0,0.000801603206412826,0,0.00206327372764787,0.000405350628293474,0.000416666666666667,0,0.00762983017474772,0.00613685179502915,0.00577744285355438,0.00373273609555804,0.0037593984962406,0.00377073906485671,0,0,0,0.0226652675760756,0.0117252931323283,0.0176633326239625,0.0186485831920562,0.0183175033921303,1,0.0138102784695495,0.012205754141238,0.0156073286586745,0.0192161339421613,0.0102397602397602,0.0133264992311635,0.0107238605898123,0.0115638766519824,0.00868003591739,0.0108354719133162,0.01049042748492
"BM_Pre_B_cell",0.00623475196530225,0.00506115563053564,0.00309597523219814,0.004,0.00394574599260173,0.00272257010618023,0.00458162527128044,0.00453514739229025,0.00269938650306748,0.00316205533596838,0.00119379228014326,0.00139211136890951,0.00132450331125828,0,0.00372184133202742,0.00130293159609121,0.00250771604938272,0.00251572327044025,0.00571772494733674,0.00266193433895297,0.000434027777777778,0.00322858372793801,0.00340651021953066,0.00318379160636758,0.00291699814372845,0.00265060240963855,0.00266768292682927,0.00289365806607186,0.00045662100456621,0,0.00119189511323004,0.00266311584553928,0.00496425734710087,0.00834248079034029,0.00929820677440779,0.00535654502845665,0.00133809099018733,0.00473588342440801,0.00181488203266788,0.00137488542621448,0.00790649707803369,0,0.00092038656235619,0,0.00270793036750484,0.000932835820895522,0,0,0.00694073678590497,0.00509857239972808,0.00546149645002731,0.00339126748622298,0.00538254517493272,0.0025706940874036,0,0,0,0.0140374331550802,0.0129668049792531,0.0159453302961276,0.0164878304108872,0.0152986886838271,0.0138102784695495,1,0.0155075187969925,0.0170815031722792,0.0165556228548355,0.0114099429502852,0.011417432470064,0.00848201228429365,0.00994275384151853,0.00727032385988103,0.0106616494198808,0.0120378331900258
"BM_Pro_Eryth",0.00414293112377007,0.00284668564457096,0.00412844036697248,0.00128259940145361,0.00402843601895735,0.00104031209362809,0.00300995600833526,0.0021291696238467,0.00259372789436454,0.00148148148148148,0.000746268656716418,0.000430477830391735,0.00164609053497942,0,0.0032239711739048,0.00309597523219814,0.00355538922155689,0.00435518993467215,0.0028587764436821,0.00293153992067598,0.000404858299595142,0.00374298190892077,0.00356252226576416,0.00276090557702927,0.0053475935828877,0.00347866419294991,0.0025089605734767,0.00254983773759852,0,0.000842105263157895,0.00111815132314573,0,0.00461272342879108,0.00826271186440678,0.00789249146757679,0.00603174603174603,0.00166181969256336,0.00308747855917667,0.00168776371308017,0.000851426138782461,0.00453955901426719,0,0.000855066267635742,0.000432900432900433,0.00145243282498184,0,0,0,0.00741877718086467,0.00547327752736639,0.00365153886280647,0.00237435694499406,0.00252343186733958,0.0024,0,0,0,0.0161568289530375,0.018,0.0146962053081816,0.014021031547321,0.0132867132867133,0.012205754141238,0.0155075187969925,1,0.0130902290790089,0.0156219488381176,0.0119698152485038,0.011720831113479,0.00752718148870923,0.0120828538550058,0.0068922305764411,0.00983313468414779,0.0079062159214831
"BM_T_cell",0.00594273365748244,0.00335993280134397,0.00404088424055146,0.00376689563483271,0.00393410376198672,0.00462207721587819,0.00312124849939976,0.002628614344724,0.00391964723174914,0.00235849056603774,0.00237906423473434,0.000922509225092251,0.00175746924428822,0.00046882325363338,0.00292911540714704,0.00718015665796345,0.00366088631984586,0.00301129234629862,0.00299043062200957,0.00336700336700337,0.00129645635263613,0.00300493668169135,0.00414781297134238,0.00317277184886069,0.00343824385083311,0.003125,0.00265553869499241,0.00312650312650313,0,0.00045004500450045,0.000395100750691426,0.000881445570736007,0.00694720127034538,0.00523903077930583,0.00905077262693157,0.00232712765957447,0.00133096716947649,0.00325968851865266,0.000450653447498873,0.00136736554238833,0.00546448087431694,0,0.000457456541628545,0.00232342007434944,0.00115340253748558,0,0,0,0.00611539484179739,0.00575880758807588,0.00599128540305011,0.00379746835443038,0.001906941266209,0.00298507462686567,0,0,0,0.0167112299465241,0.0150259067357513,0.0221714285714286,0.0196283695367705,0.0152542372881356,0.0156073286586745,0.0170815031722792,0.0130902290790089,1,0.0152886743110038,0.0135685210312076,0.0153246029534689,0.0122878876535986,0.0135583006929798,0.0109018830525273,0.0156985871271586,0.0122857142857143
"BM_Macg",0.00437541019470575,0.00462715785726998,0.00473653049141504,0.00427986602158541,0.0050761421319797,0.00351957765068192,0.00558102451664341,0.00368898978433598,0.00323297635886038,0.00234672924611323,0.0023619722468261,0,0.000954198473282443,0,0.00451807228915663,0.00406400812801626,0.00363396101750909,0.00267985982271697,0.00523934270064301,0.00430702968774035,0.00125786163522013,0.00507982583454282,0.005125284738041,0.0039279112754159,0.00452586206896552,0.00338443161457296,0.00371747211895911,0.0049870337123479,0.00097815454841865,0.00129617627997408,0.00088339222614841,0.000956937799043062,0.00626799932237845,0.00736377025036819,0.0105928266121539,0.00622083981337481,0.000640614990390775,0.00469613259668508,0.00162232316677482,0.000653167864141084,0.00501054852320675,0,0.000327546675401245,0.00099304865938431,0.00115373521776752,0.000330687830687831,0,0,0.00736408923543426,0.00313807531380753,0.00728798586572438,0.00464252553389044,0.00258249641319943,0.00124416796267496,0,0,0,0.0181886367897994,0.0135564499046812,0.0200611387084448,0.0153485397569815,0.0150451354062187,0.0192161339421613,0.0165556228548355,0.0156219488381176,0.0152886743110038,1,0.0163427561837456,0.0118887393449978,0.0105091078935077,0.0119588615163836,0.00873362445414847,0.0113412228796844,0.0121643332568281
"BM_MeSC",0.00737327188940092,0.00510322430990489,0.00345193839617631,0.00516732283464567,0.00414021529119514,0.00308641975308642,0.00349462365591398,0.0036084799278304,0.00302031850631521,0.00621414913957935,0.00240615976900866,0,0.00273224043715847,0.000592417061611374,0.00277896536981616,0.00571210967250571,0.00400421496311907,0.00197461212976023,0.00310344827586207,0.00269075533346146,0.00160513643659711,0.00284629981024668,0.00589569160997732,0.00363997352746525,0.00299490865528601,0.00431034482758621,0.00411146642302421,0.00404203718674212,0.000569151963574274,0.00056274620146314,0.00336538461538462,0.00109649122807018,0.00893830390233268,0.00775193798449612,0.0107790298873101,0.00587084148727984,0.00221238938053097,0.0038860103626943,0.00112803158488438,0.000571102227298686,0.0105135463000404,0,0.000574382538770821,0.00175541252194266,0.00232126276694522,0,0,0,0.00967644390686423,0.008792965627498,0.00775434243176179,0.0051975051975052,0.00275735294117647,0.00315623356128353,0,0,0,0.0185505812515459,0.0134228187919463,0.0125722906713603,0.0132119788608338,0.0173724212812161,0.0102397602397602,0.0114099429502852,0.0119698152485038,0.0135685210312076,0.0163427561837456,1,0.0155555555555556,0.0100502512562814,0.0114345114345114,0.00926283288305673,0.00867678958785249,0.0117570215545395
"BM_Basophil",0.00441083805923125,0.0035486160397445,0.00326441784548422,0.00251067034898318,0.00311085972850679,0.00285714285714286,0.00413564929693962,0.00329102021626704,0.00394588500563698,0.00348779272546089,0.00201207243460765,0,0.00172314761631246,0,0.00283409635927622,0.0027526543452615,0.00214454214025306,0.00347926935343578,0.00320398718405126,0.00293484640970456,0.00168728908886389,0.00193751513683701,0.00567375886524823,0.0034106412005457,0.00431565967940814,0.00220446403968035,0.00333333333333333,0.00275862068965517,0.000600240096038415,0,0.00150526843953838,0.000576701268742791,0.00554078014184397,0.00792667822640575,0.00925462731365683,0.00364372469635628,0.00116346713205352,0.00585321927059883,0.00178465199286139,0.00301932367149758,0.00795311845960653,0,0.00121285627653123,0.00123533045089561,0.002909796314258,0.000616903146206046,0,0,0.00619578686493185,0.00288540807914262,0.00765794511805999,0.00217509516041327,0.0014367816091954,0.00165471594043023,0,0,0,0.0158930373360242,0.0119688809096349,0.0175801447776629,0.0123531184091594,0.0107794361525705,0.0133264992311635,0.011417432470064,0.011720831113479,0.0153246029534689,0.0118887393449978,0.0155555555555556,1,0.0103662750518314,0.01,0.00637958532695375,0.00897196261682243,0.0100772589855559
"BM_Dendritic",0.00468227424749164,0.00148075024679171,0.00401146131805158,0.00289549881547776,0.00268336314847943,0.00472813238770686,0.00552486187845304,0.000513083632632119,0.00207653515277366,0.00383982446516731,0.00221729490022173,0.00207325501036628,0.0025706940874036,0,0.00272479564032698,0.00424448217317487,0.00290437890974084,0.0015281173594132,0.0038109756097561,0.00243407707910751,0,0.00355420157400355,0.00361570247933884,0.00400436840189297,0.00359125040809664,0.00174064403829417,0.00260688216892596,0.00378126817917394,0,0,0.00110497237569061,0.00193798449612403,0.00438394093216428,0.00569505565622573,0.00627123072903057,0.00879120879120879,0.000651041666666667,0.00440960313571779,0,0.00135593220338983,0.004516711833785,0,0.000682128240109141,0,0.00372935535428876,0,0,0,0.00590938936309915,0.00401785714285714,0.00813559322033898,0.00362976406533575,0.0010498687664042,0.00122699386503067,0,0,0,0.0105180120957139,0.0107458912768647,0.00968783638320775,0.00889453621346887,0.0131271878646441,0.0107238605898123,0.00848201228429365,0.00752718148870923,0.0122878876535986,0.0105091078935077,0.0100502512562814,0.0103662750518314,1,0.0060882800608828,0.00818612666953899,0.00761217948717949,0.00713521227256511
"BM_Late_Pro_B",0.00449050086355786,0.00227675183405009,0.00235294117647059,0.00188831939573779,0.00307031010132023,0.00104311543810848,0.0041816009557945,0.00433369447453954,0.00305623471882641,0.00463499420625724,0.00292911540714704,0,0.00342700479780672,0,0.00418410041841004,0.00265017667844523,0.00136767722817415,0.00125904941768964,0.0019739439399921,0.00186065743229274,0.00267201068804275,0.00233887733887734,0.00599128540305011,0.00377073906485671,0.00370744860128076,0.00119296152699075,0.00384615384615385,0.00179157957599283,0.00144404332129964,0.00142348754448399,0.00116686114352392,0.00137646249139711,0.00329955220362951,0.00637450199203187,0.00616291532690246,0.00365130077590141,0.000694444444444444,0.00617919670442842,0.00285714285714286,0.00072463768115942,0.00472143531633617,0,0.00072992700729927,0.00149365197908887,0.00336700336700337,0,0,0,0.00507958008804606,0.00186133085155886,0.00453752181500873,0.00192307692307692,0.00499445061043285,0.000651465798045603,0,0,0,0.0116090712742981,0.0117416829745597,0.0138657792567942,0.0131578947368421,0.0101705055339515,0.0115638766519824,0.00994275384151853,0.0120828538550058,0.0135583006929798,0.0119588615163836,0.0114345114345114,0.01,0.0060882800608828,1,0.00808625336927224,0.00749687630154102,0.013001485884101
"BM_Endo",0.00346820809248555,0.00384193194291987,0.00355641771742645,0.00264628050573361,0.00338638672536404,0.00233553912028026,0.0036101083032491,0.00323624595469256,0.00336927223719677,0.00421348314606742,0.00427960057061341,0,0.00346020761245675,0,0.000997008973080758,0.00820512820512821,0.00220588235294118,0.00139227288548556,0.00314324202963628,0.00154355016538037,0.000836120401337793,0.00197405527354766,0.00455729166666667,0.00383141762452107,0.00450788880540947,0.00427631578947368,0.00263331138907176,0.00164149704530532,0.000924214417744917,0.000907441016333938,0.0021291696238467,0.00174064403829417,0.00585241730279898,0.00577200577200577,0.00612244897959184,0.00370762711864407,0.00264550264550265,0.0048721071863581,0.000909918107370337,0.000929368029739777,0.00773480662983425,0,0,0,0.00134952766531714,0.00193050193050193,0,0,0.00452488687782805,0.0032555615843733,0.00468384074941452,0.000794912559618442,0.00399733510992672,0.00244100895036615,0,0.00102986611740474,0,0.0105664807748753,0.00974377481053771,0.0111613876319759,0.00762250453720508,0.00622134905042567,0.00868003591739,0.00727032385988103,0.0068922305764411,0.0109018830525273,0.00873362445414847,0.00926283288305673,0.00637958532695375,0.00818612666953899,0.00808625336927224,1,0.00954653937947494,0.0116910229645094
"BM_HSC",0.00761421319796954,0.00392875851231011,0.00183318056828598,0.00335852225020991,0.00738362760834671,0.00364963503649635,0.00248062015503876,0.00349040139616056,0.00478011472275335,0.00626959247648903,0.00253324889170361,0.00245499181669394,0.0037593984962406,0,0.00239177230327673,0.00281030444964871,0.00258640959322831,0.00295760762405521,0.00458715596330275,0.00169887449564663,0.00145985401459854,0.00188121472722386,0.00467836257309942,0.00277117973079968,0.00387596899224806,0.00373134328358209,0.00473372781065089,0.00217458838148493,0.000795544948289578,0.00156739811912226,0.00252684775742262,0.00151057401812689,0.00413524689856483,0.00494233937397035,0.0041539739684298,0.00387972841901067,0.00152671755725191,0.00329851566794942,0.0055205047318612,0.000799360511590727,0.00502765208647562,0,0.0008058017727639,0,0.00484554815263477,0,0,0,0.00424478245489919,0.00297324083250743,0.00585437248444932,0.0027972027972028,0.0035799522673031,0.005,0,0,0,0.00892359174567764,0.0112244897959184,0.00886727688787185,0.00992470910335387,0.0108932461873638,0.0108354719133162,0.0106616494198808,0.00983313468414779,0.0156985871271586,0.0113412228796844,0.00867678958785249,0.00897196261682243,0.00761217948717949,0.00749687630154102,0.00954653937947494,1,0.00854037267080745
"BM_Plasma",0.00553745928338762,0.00314922480620155,0.00307606263982103,0.00335051546391753,0.0034944670937682,0.00328083989501312,0.00596590909090909,0.00395061728395062,0.00289771080846132,0.00737230121116377,0.000529100529100529,0.0026160889470242,0.00182926829268293,0,0.0028979045920642,0.00781893004115226,0.00263157894736842,0.00208768267223382,0.0044362292051756,0.00259377494014366,0.00119189511323004,0.00248385494287134,0.00297029702970297,0.00211640211640212,0.00317762948840165,0.00397501419647927,0.004004004004004,0.00426257459505541,0.00191938579654511,0.00252844500632111,0.00264550264550265,0.000612369871402327,0.00543970988213962,0.00813008130081301,0.00665301944728762,0.00252951096121417,0.00185528756957328,0.00234962406015038,0.00316856780735108,0.00128369704749679,0.00874508089199825,0,0.000645577792123951,0.000658327847267939,0.00510986203372509,0,0,0,0.00222929936305732,0.00430663221360896,0.00625411454904542,0.00114942528735632,0.00353000504286435,0.00233781414377557,0.000687285223367698,0,0,0.0147324890152494,0.0114056720098644,0.0158940397350993,0.0102293862368258,0.0139720558882236,0.01049042748492,0.0120378331900258,0.0079062159214831,0.0122857142857143,0.0121643332568281,0.0117570215545395,0.0100772589855559,0.00713521227256511,0.013001485884101,0.0116910229645094,0.00854037267080745,1
